[
    {
        "index": 0,
        "title": "ברוכים הבאים ללומדת <br><span class='colored-text'>מודל האירועים</span>",
        "text": ""
    },
    {
        "index": 1,
        "title": "",
        "text": "אחלה, אבל מה הנקודה?"
    },
    {
        "index": 2,
        "title": "",
        "text": [
            " כל פעם שאתם לוחצים על כפתור, גוללים עם העכבר, מרעננים את העמוד בו אתם נמצאים או מקלידים תוכן- מתרחשים דברים מגניבים על המסך, <br> בדיוק כמו מה שקראיתם עכשיו! <br> כל הדברים האלה קורים בזכות  <span class='colored-text'> \"אירועים\"</span>.<br>",
            "<span class='colored-text delay-text2'>אירוע הוא בעצם כל סוג אינטרקציה שמתרחשת עם האתר.</span><br><span class='delay-text2'> בעזרת אירועים נוכל להפוך את האתר שלנו להרבה יותר אינטרקטיבי ומעניין.</span",
            "<span class='delay-text3'>אחרי שהבנו מהו אירוע, בואו נתעמק בסוגי האירועים השונים.</span>"
        ]
    },
    {
        "index": 3,
        "title": "סוגי אירועים",
        "text": "קיימים סוגים רבים של אירועים. <br> בלומדה שלנו נתמקד בשלושה סוגים מרכזיים: <br><br><span class='colored-text'>אירועי עכבר<span class='colored-text'>, input וטעינה.</span>"
    },
    {
        "index": 4,
        "title": "אירועי עכבר",
        "text": [
            "<span class='colored-text'>אירוע עכבר</span> - אירוע שקורה בכל פעם שאנחנו משתמשים בעכבר המחשב. <br> נתמקד בשישה מהאירועים המרכזיים והשימושיים ביותר: <br>",
            "<span class='colored-text'>mousemove </span>(תזוזת עכבר מעל)​ <br>",
            "<span class='colored-text'>mousedown </span>(לחיצה)​ <br>",
            "<span class='colored-text'>mouseout </span>(יציאת עכבר)​ <br>",
            "<span class='colored-text'>mouseup </span>(שחרור)​ <br>",
            "<span class='colored-text'>click </span>(לחיצה ושחרור)​ <br>",
            "<span class='colored-text'>mouseover </span>(עכבר מעל)​ <br>"
        ]
    },
    {
        "index": 5,
        "title": "אירועי עכבר",
        "text": "<span class='colored-text'> mousedown </span>(לחיצה) - מתרחש כאשר המשתמש <br> לוחץ על העכבר. <br> <span class='colored-text'> mouseup </span>(שחרור) - מתרחש כאשר המשתמש <br>משחרר את כפתור העכבר. <br><span class='colored-text'> click </span>(לחיצה ושחרור) - מתרחש בכל פעם <br>שכפתור העכבר נלחץ ומשתחרר. <br> כלומר, מורכב ל פעם מאירועי MouseDown ו-MouseUp יחד. "
    },
    {
        "index": 6,
        "title": "אירועי עכבר",
        "text": "<span class='colored-text'> mouseover </span>(עכבר מעל) - מתרחש כאשר העכבר <br> נכנס לתוך גבולות האלמנט.  <br> <span class='colored-text'> mouseout </span>(יציאת עכבר) - מתרחש כאשר העכבר<br>יוצא מגבולות האלמנט.<br><span class='colored-text'> mousemove </span>(תזוזת עכבר מעל) - מתרחש בכל פעם <br>שהעכבר זז בתוך גבולות האלמנט."
    },
    {
        "index": 7,
        "title": "אירועי input",
        "text": "אירוע מסוג זה מתרחש בכל פעם שהמשתמש <br> משנה את הקלט. <br> אירועים אלו מתרחשים בהקלדה בתיבות טקסט, <br> בסימון כפתורי רדיו, כפתורי checkbox, ועוד."
    },
    {
        "index": 8,
        "title": "אירוע טעינה - load",
        "text": "אירוע הטעינה \"load\" מתרחש כאשר <span class='colored-text'> האתר נטען במלואו </span> (כולל תמונות, כפתורים, קבצים...).<br> שימו לב שכל עוד האלמנטים ב- HTML לא נטענו, <span class='colored-text'> לא נוכל לגשת אליהם </span>כי המחשב עדיין לא זיהה אותם."
    },
    {
        "index": 9,
        "title": "מאזיני אירועים – מהם?",
        "text": [
            "כמו שראינו, על האלמנטים מתרחשים סוגים שונים של אירועים.<br>  אבל איך בעצם נדע שהאירוע המסויים התרחש ואיך נגרום לפעולות להתבצע בעקבותיו? <br><br> נעשה זאת על ידי הוספת <span class='colored-text'> מאזין לאירוע</span>. <br>",
            "<span class ='delay-text2'>המאזין מחכה שהאירוע המסוים יתבצע, וכתגובה הוא יקרא לפונקציה המתאימה. <br><br> <span class='colored-text'>חשוב להבין</span> שהאירועים מתרחשים באתר גם ללא הצמדת המאזין, <br> אך בלעדיו לא יתבצעו פעולות כתגובה להתרחשות האירוע.</span>"
        ]
    },
    {
        "index": 10,
        "title": "איך נצמיד מאזין?",
        "text": "קודם כל, עלינו לציין לאיזה אלמנט נרצה להצמיד את המאזין. <br> לאחר מכן, נשתמש בפקודה: \"addEventListener\". <br> פעולה זו מקבלת שני פרמטרים: סוג האירוע והפונקציה שתיקרא בעקבות האירוע.<br> שימו לב: <br>אפשר להצמיד לאלמנט אחד כמה מאזינים. <br>המאזינים יכולים לקרוא לאותה הפונקציה או לפונקציות שונות.<br>את שם הפונקציה נכתוב ללא סוגריים אחריה."
    },
    {
        "index": 11,
        "title": "דוגמה להצמדת מאזין",
        "text": ""
    },
    {
        "index": 12,
        "title": "?איך נסיר מאזין",
        "text": [
            "אחרי שלמדנו איך מצמידים מאזין לאוביקטים, חשוב שנדע איך להסיר אותם. <br> ברגע שנסיר את המאזין, לא תהיה לנו האזנה לאירוע, ולכן הפונקציה שמטפלת באירוע לא תופעל. <br> כדי להסיר מאזין נשתמש בפקודה: ",
            "נשתמש בפקודה זו במקרים בהם <span class='colored-text'> אין יותר צורך במאזין</span> - <br>למשל כשהאלמנט הוסר מהמסך או כשנרצה שהפעולה תקרה כמות מוגבלת של פעמים. <br> הפקודה מקבלת את אותם הפרמטרים כמו פקודת הצמדת המאזין (שם האירוע ושם הפונקציה).<br>שימו לב: חשוב להסיר את המאזין כאשר אין בו צורך כדי למנוע שגיאות והתנהגות לא צפויה."
        ]
    },
    {
        "index": 13,
        "title": "דוגמה להסרת מאזין",
        "text": ""
    },
    {
        "index": 14,
        "title": "פונקציות",
        "text": [
            "אחרי שלמדנו על הצמדת מאזין, הגיע הזמן ללמוד על הפונקציות הנקראות ממנו.<br> ראינו שהפקודה AddEventListener מקבלת בפרמטר השני שלה את הפונקציה לה נרצה לקרוא.",
            "פונקציות אלו מקבלות את האובייקט event כפרמטר, עליו נלמד בהמשך."
        ]
    },
    {
        "index": 15,
        "title": " פונקציות אנונימיות",
        "text": [
            " דרך נוספת לקריאה לפעולה בעקבות אירוע היא באמצעות פונקציה אנונימית.  <br> פונקציה מסוג זה נכתבת <span class='colored-text'> ישירות בתוך המאזין </span> כפרמטר.",
            "לפונקציות אלה ניתן לקרוא <span class='colored-text'> רק פעם אחת </span>, לעומת פונקציות בעלות שם, אשר אפשר לקרוא להן מספר פעמים בקוד. <br>  לכן, <span class='colored-text'> נשתמש בפונקציות אנונימיות </span> כאשר מדובר בקטע קוד שאנחנו בטוחים שלא יהיה בו שימוש במקום נוסף.            "
        ]
    },
    {
        "index": 16,
        "title": " פונקציות אנונימיות",
        "text": [
            "<span class='colored-text'>דוגמה לפונקציה אנונימית </span> היא פונקציית הטעינה אותה הזכרנו קודם. <br> במקרה זה מדובר בפונקציה אנונימית הנקראת בעקבות אירוע load המוצמד ל-window, והיא מתרחשת רק פעם אחת בקוד.",
            "שימו לב!<br>  מאחר ופונקציות אנונימיות עלולות לשבש את קריאות הקוד שלנו, הן יכילו לא יותר <span class='colored-text'> מכמה פקודות קצרות </span>ופשוטות. <br> לכן נשתדל <span class='colored-text'>לא להעמיס </span>על פונקציית הטעינה שלנו. "
        ]
    },
    {
        "index": 17,
        "title": "arguments callee",
        "text": "arguments.callee  היא פקודה המחזירה את הפונקציה המתבצעת, מתוך הפונקציה עצמה. <br> מתי נשתמש בפקודה זו? <br> כפי שלמדנו,  כדי להסיר מאזין מאירוע נשתמש בפקודה: \"removeEventListener\", <br> נציין את סוג האירוע ואת שם הפונקציה אותה נרצה להסיר."
    },
    {
        "index": 18,
        "title": "arguments callee",
        "text": "לפונקציה אנונימית אין שם, לכן במקום שם הפונקציה נרשום arguments callee <br> arguments callee מייצגת את הפונקציה האנונימית שלנו. <br>לא ניתן להסיר מאזין מפונקציה אנונימית מתוך פונקציה אחרת, אלא <span class='colored-text'> רק בתוך הפונקציה האנונימית </span> עצמה."
    },
    {
        "index": 19,
        "title": "הבדלים בין סוגי הפונקציות",
        "text": [
            {
                "subtitle": "פונקציה אנונימית",
                "points": [
                    " חסרת שם",
                    "נכתבת בהצמדת המאזין",
                    "ניתן לקשר אליה רק מאזין אחד",
                    "לא ניתן להסיר מאזין מחוץ לפונקציה",
                    "תכיל מספר פקודות קצרות ופשוטות"
                ]
            },
            {
                "subtitle": "פונקציה (בעלת שם)",
                "points": [
                    "נכתבת מחוץ למאזין <br>ומועברת כפרמטר באמצעות שמה.",
                    "ניתן לקשר אליה מספר מאזינים שונים",
                    "ניתן להסיר מאזין מחוץ לפונקציה"
                ]
            }
        ]
    },
    {
        "index": 20,
        "title": "event",
        "text": "זוכרים שדיברנו על האובייקט event כשדיברנו על הפונקציות? עכשיו נכיר אותו יותר לעומק. <br>  הוא אובייקט המועבר לפונקציה <span class='colored-text'> כפרמטר בעת התרחשות האירוע </span>, ומכיל מידע שקשור באירוע. <br><span class='colored-text'> כסטנדרט</span> נשתמש בשם event, אך נוכל לתת לו כל שם שנרצה.<br>ל- event מאפיינים רבים, נתמקד באחד מהם."
    },
    {
        "index": 21,
        "title": "המאפיין  currentTarget",
        "text": "Current target הינו מאפיין המייצג את האלמנט <span class='colored-text'> אליו הצמדנו את המאזין </span>.<br> בעזרתו נוכל לגשת למאפיינים של האלמנט (value, id וכו')<br> ולבצע פעולות שונות."
    },
    {
        "index": 22,
        "title": "",
        "text": "סיימתם את הלומדה <span class='colored-text'>בהצלחה</span>! <br> עכשיו אתם מומחים באירועים ובמאזינים <br>ואתם יכולים ליצור תוצרים אינטרקטיביים במיוחד!"
    }
]